wavelength_nm; Transmission
2600; 82.19858551
2599; 82.20256805
2598; 82.25482941
2597; 82.0842514
2596; 82.09427643
2595; 81.99251556
2594; 81.97480774
2593; 81.77919006
2592; 81.74620819
2591; 81.61123657
2590; 81.62437439
2589; 81.55200195
2588; 81.44342804
2587; 81.32715607
2586; 81.17559052
2585; 81.17657471
2584; 81.13685608
2583; 81.0007782
2582; 80.9105072
2581; 80.9679184
2580; 80.82814789
2579; 80.68440247
2578; 80.7081604
2577; 80.72116089
2576; 80.766716
2575; 80.63478088
2574; 80.73880768
2573; 80.56906128
2572; 80.59493256
2571; 80.55235291
2570; 80.49739838
2569; 80.51719666
2568; 80.48026276
2567; 80.4772644
2566; 80.46614075
2565; 80.21899414
2564; 80.43264771
2563; 80.30282593
2562; 80.32976532
2561; 80.2341156
2560; 80.24876404
2559; 80.20240784
2558; 80.09301758
2557; 80.14211273
2556; 80.11914825
2555; 80.13816071
2554; 80.07471466
2553; 80.16183472
2552; 80.02254486
2551; 80.07696533
2550; 80.10410309
2549; 80.02796936
2548; 79.92745972
2547; 79.96347809
2546; 80.01039886
2545; 79.92003632
2544; 79.83027649
2543; 79.85605621
2542; 79.840065
2541; 79.84733582
2540; 79.71322632
2539; 79.74891663
2538; 79.75587463
2537; 79.64139557
2536; 79.67656708
2535; 79.47418976
2534; 79.40311432
2533; 79.33157349
2532; 79.36112976
2531; 79.19798279
2530; 79.12108612
2529; 78.94046021
2528; 78.90196228
2527; 78.80055237
2526; 78.70819855
2525; 78.6161499
2524; 78.49111938
2523; 78.46768188
2522; 78.3187561
2521; 78.1067276
2520; 78.1572876
2519; 78.08735657
2518; 77.96105957
2517; 77.81304932
2516; 77.71168518
2515; 77.60941315
2514; 77.53300476
2513; 77.54879761
2512; 77.462883
2511; 77.37419128
2510; 77.43881989
2509; 77.45088959
2508; 77.4683075
2507; 77.48668671
2506; 77.40809631
2505; 77.38922119
2504; 77.40935516
2503; 77.4402771
2502; 77.54203033
2501; 77.31859589
2500; 77.42292786
2499; 77.51631165
2498; 77.40452576
2497; 77.45168304
2496; 77.48841858
2495; 77.44111633
2494; 77.37216187
2493; 77.39800262
2492; 77.40422821
2491; 77.30900574
2490; 77.32627869
2489; 77.29019165
2488; 77.2766571
2487; 77.30065918
2486; 77.24359894
2485; 77.32012177
2484; 77.09406281
2483; 77.24029541
2482; 77.20162964
2481; 77.05490112
2480; 76.96489716
2479; 76.90368652
2478; 76.63921356
2477; 76.58117676
2476; 76.40657043
2475; 76.28440094
2474; 76.00175476
2473; 75.71809387
2472; 75.45115662
2471; 75.40608215
2470; 75.16911316
2469; 74.94325256
2468; 74.64896393
2467; 74.41335297
2466; 74.27439117
2465; 73.92164612
2464; 73.82624817
2463; 73.80018616
2462; 73.6254425
2461; 73.54981995
2460; 73.65167236
2459; 73.61257935
2458; 73.65995789
2457; 73.98216248
2456; 74.08296204
2455; 74.23860931
2454; 74.31573486
2453; 74.52780914
2452; 74.66973877
2451; 74.85167694
2450; 74.99600983
2449; 75.12379456
2448; 75.36368561
2447; 75.46040344
2446; 75.63224792
2445; 75.88071442
2444; 76.01493073
2443; 76.16483307
2442; 76.35858917
2441; 76.60331726
2440; 76.53656769
2439; 76.62200165
2438; 76.87763977
2437; 76.90956879
2436; 76.85373688
2435; 77.00167847
2434; 77.01348877
2433; 77.08789063
2432; 77.06564331
2431; 77.18927002
2430; 77.20697784
2429; 77.15060425
2428; 77.15023804
2427; 77.18021393
2426; 77.24515533
2425; 77.19354248
2424; 77.26008606
2423; 77.22558594
2422; 77.26879883
2421; 77.22967529
2420; 77.22881317
2419; 77.29735565
2418; 77.19801331
2417; 77.10714722
2416; 77.10254669
2415; 77.05267334
2414; 76.89241028
2413; 77.07103729
2412; 76.97796631
2411; 76.87450409
2410; 76.89822388
2409; 76.80760193
2408; 76.70466614
2407; 76.70475769
2406; 76.6088028
2405; 76.47103882
2404; 76.43878174
2403; 76.47699738
2402; 76.43267822
2401; 76.5428772
2400; 76.55032349
2399; 76.56395721
2398; 76.52690125
2397; 76.68236542
2396; 76.74041748
2395; 76.78128815
2394; 76.88792419
2393; 76.95249939
2392; 76.9342041
2391; 77.05986786
2390; 77.17269897
2389; 77.23965454
2388; 77.23931885
2387; 77.32474518
2386; 77.29141998
2385; 77.48384094
2384; 77.49699402
2383; 77.55583191
2382; 77.63235474
2381; 77.67670441
2380; 77.78616333
2379; 77.81983948
2378; 77.76300812
2377; 77.86074829
2376; 77.93441772
2375; 77.88841248
2374; 77.87381744
2373; 77.95693207
2372; 77.95768738
2371; 78.01999664
2370; 77.90926361
2369; 78.04277802
2368; 78.09859467
2367; 78.03837585
2366; 78.16542053
2365; 78.09111786
2364; 78.31002045
2363; 78.19007111
2362; 78.26287842
2361; 78.458992
2360; 78.4836731
2359; 78.4466095
2358; 78.53014374
2357; 78.59121704
2356; 78.67279053
2355; 78.65016937
2354; 78.6654892
2353; 78.80639648
2352; 78.77927399
2351; 78.84128571
2350; 78.90763855
2349; 78.98123932
2348; 78.9748764
2347; 79.0894928
2346; 79.03735352
2345; 79.10764313
2344; 79.24998474
2343; 79.31717682
2342; 79.27529907
2341; 79.50552368
2340; 79.47149658
2339; 79.43167114
2338; 79.53814697
2337; 79.47751617
2336; 79.51046753
2335; 79.46748352
2334; 79.56597137
2333; 79.42753601
2332; 79.43119049
2331; 79.32674408
2330; 79.32315063
2329; 79.3364563
2328; 79.28298187
2327; 79.16455078
2326; 78.97898865
2325; 78.96740723
2324; 78.88213348
2323; 78.75661469
2322; 78.63227844
2321; 78.4541626
2320; 78.23113251
2319; 78.21279144
2318; 78.05351257
2317; 77.95430756
2316; 77.91061401
2315; 77.93661499
2314; 77.95956421
2313; 78.12163544
2312; 78.18057251
2311; 78.35441589
2310; 78.35261536
2309; 78.59298706
2308; 78.77879333
2307; 78.87442017
2306; 78.92241669
2305; 79.05401611
2304; 79.17995453
2303; 79.19379425
2302; 79.33045959
2301; 79.3852005
2300; 79.50665283
2299; 79.59336853
2298; 79.67595673
2297; 79.76423645
2296; 79.97925568
2295; 80.08279419
2294; 80.19277191
2293; 80.41191101
2292; 80.48957062
2291; 80.55886078
2290; 80.64225006
2289; 80.70639038
2288; 80.79836273
2287; 80.97585297
2286; 81.05435944
2285; 81.14742279
2284; 81.28883362
2283; 81.30017853
2282; 81.42125702
2281; 81.51372528
2280; 81.51074982
2279; 81.50593567
2278; 81.71881104
2277; 81.74524689
2276; 81.67825317
2275; 81.73324585
2274; 81.9572525
2273; 81.93558502
2272; 82.12120819
2271; 82.3026886
2270; 82.45537567
2269; 82.6607132
2268; 82.87358856
2267; 83.14680481
2266; 83.29962158
2265; 83.63872528
2264; 83.78546143
2263; 84.05675507
2262; 84.21504211
2261; 84.52275848
2260; 84.65190887
2259; 84.80375671
2258; 85.01473999
2257; 85.17243195
2256; 85.43413544
2255; 85.57015991
2254; 85.6913681
2253; 85.93067932
2252; 85.96691895
2251; 86.17325592
2250; 86.15511322
2249; 86.37509155
2248; 86.40112305
2247; 86.47013092
2246; 86.64959717
2245; 86.66563416
2244; 86.66411591
2243; 86.77108002
2242; 86.90589905
2241; 86.83261871
2240; 86.89336395
2239; 86.88388062
2238; 86.85575104
2237; 86.78244019
2236; 86.89309692
2235; 86.9627533
2234; 86.87246704
2233; 86.85080719
2232; 86.90007019
2231; 86.82259369
2230; 86.87515259
2229; 86.95188904
2228; 86.97900391
2227; 86.86010742
2226; 86.89260864
2225; 86.98453522
2224; 86.92745209
2223; 86.91400909
2222; 86.89620209
2221; 86.91410065
2220; 86.84888458
2219; 86.87539673
2218; 86.8360672
2217; 86.81437683
2216; 86.82455444
2215; 86.64278412
2214; 86.57287598
2213; 86.61601257
2212; 86.50744629
2211; 86.50505066
2210; 86.36057281
2209; 86.40960693
2208; 86.31271362
2207; 86.37564087
2206; 86.34825897
2205; 86.32891083
2204; 86.21752167
2203; 86.18115997
2202; 86.16805267
2201; 86.11439514
2200; 86.13702393
2199; 86.00816345
2198; 85.95469666
2197; 85.87429047
2196; 85.80381012
2195; 85.69764709
2194; 85.72434998
2193; 85.60489655
2192; 85.66064453
2191; 85.51292419
2190; 85.56835175
2189; 85.5639801
2188; 85.50125122
2187; 85.52766418
2186; 85.54651642
2185; 85.51514435
2184; 85.45895386
2183; 85.42813873
2182; 85.45503235
2181; 85.43730164
2180; 85.28489685
2179; 85.33518219
2178; 85.32146454
2177; 85.23438263
2176; 85.06295013
2175; 85.03386688
2174; 85.07834625
2173; 84.92806244
2172; 84.63885498
2171; 84.61043549
2170; 84.28308868
2169; 84.1986084
2168; 83.91168976
2167; 83.81229401
2166; 83.51956177
2165; 83.35484314
2164; 83.284935
2163; 83.12097168
2162; 83.17340851
2161; 83.30054474
2160; 83.25944519
2159; 83.43173981
2158; 83.50449371
2157; 83.6457901
2156; 83.60427856
2155; 83.81429291
2154; 83.89083862
2153; 83.89442444
2152; 83.991539
2151; 84.07694244
2150; 84.03440857
2149; 84.18253326
2148; 84.0892868
2147; 84.09237671
2146; 84.0526123
2145; 83.92158508
2144; 83.89990997
2143; 83.79292297
2142; 83.68826294
2141; 83.63700867
2140; 83.58950043
2139; 83.48634338
2138; 83.35916138
2137; 83.45861816
2136; 83.3637619
2135; 83.47749329
2134; 83.47252655
2133; 83.49749756
2132; 83.71637726
2131; 83.78635406
2130; 83.96577454
2129; 84.11313629
2128; 84.12310791
2127; 84.27716827
2126; 84.31632233
2125; 84.49220276
2124; 84.46065521
2123; 84.61220551
2122; 84.60884094
2121; 84.65260315
2120; 84.71572113
2119; 84.77263641
2118; 84.84552765
2117; 84.8769455
2116; 84.94841003
2115; 84.88798523
2114; 85.04465485
2113; 84.95002747
2112; 85.08059692
2111; 85.05518341
2110; 85.20555115
2109; 85.21247101
2108; 85.35713196
2107; 85.27379608
2106; 85.34500122
2105; 85.40732574
2104; 85.45521545
2103; 85.4095459
2102; 85.52105713
2101; 85.59370422
2100; 85.7206192
2099; 85.66600037
2098; 85.66435242
2097; 85.87532806
2096; 85.80070496
2095; 85.82609558
2094; 85.92180634
2093; 86.02347565
2092; 85.93476105
2091; 86.13546753
2090; 86.22199249
2089; 86.30645752
2088; 86.28578186
2087; 86.35466766
2086; 86.49137115
2085; 86.49018097
2084; 86.6009903
2083; 86.70214081
2082; 86.71424103
2081; 86.93349457
2080; 86.82249451
2079; 87.05150604
2078; 87.09542847
2077; 87.09613037
2076; 87.42512512
2075; 87.40455627
2074; 87.50992584
2073; 87.59498596
2072; 87.72862244
2071; 87.75973511
2070; 87.78990173
2069; 87.99240875
2068; 87.97596741
2067; 88.0701828
2066; 88.34802246
2065; 88.34677124
2064; 88.35269928
2063; 88.44709778
2062; 88.48634338
2061; 88.61021423
2060; 88.7299881
2059; 88.8655014
2058; 88.83357239
2057; 88.88629913
2056; 88.96572876
2055; 89.09640503
2054; 89.1513443
2053; 89.33014679
2052; 89.33177948
2051; 89.24804688
2050; 89.28455353
2049; 89.45040131
2048; 89.47692871
2047; 89.57568359
2046; 89.52719116
2045; 89.69828033
2044; 89.69345093
2043; 89.78278351
2042; 89.84690094
2041; 89.77816772
2040; 89.92675018
2039; 90.05944061
2038; 89.95101166
2037; 90.04782104
2036; 90.07944489
2035; 90.07753754
2034; 90.12978363
2033; 90.27912903
2032; 90.20822906
2031; 90.2096405
2030; 90.21308136
2029; 90.28304291
2028; 90.25893402
2027; 90.30380249
2026; 90.29019165
2025; 90.24660492
2024; 90.34944153
2023; 90.26404572
2022; 90.34803772
2021; 90.36300659
2020; 90.2281723
2019; 90.35806274
2018; 90.26670837
2017; 90.31336212
2016; 90.27362823
2015; 90.23817444
2014; 90.17388153
2013; 90.08457947
2012; 90.26823425
2011; 90.16342163
2010; 90.04685974
2009; 90.05339813
2008; 89.99615479
2007; 90.01840973
2006; 89.88439941
2005; 89.85373688
2004; 89.80561829
2003; 89.77141571
2002; 89.7119751
2001; 89.58300018
2000; 89.60651398
1999; 89.50940704
1998; 89.42205048
1997; 89.37760925
1996; 89.41103363
1995; 89.37892151
1994; 89.20818329
1993; 89.03357697
1992; 89.06499481
1991; 88.97631073
1990; 88.81679535
1989; 88.74638367
1988; 88.76817322
1987; 88.64753723
1986; 88.49291992
1985; 88.41052246
1984; 88.33143616
1983; 88.21766663
1982; 88.18367767
1981; 88.02209473
1980; 87.93948364
1979; 87.68338013
1978; 87.59107208
1977; 87.54840851
1976; 87.46331024
1975; 87.28448486
1974; 87.2461319
1973; 87.07292938
1972; 86.9302063
1971; 86.83860779
1970; 86.75048828
1969; 86.59955597
1968; 86.43121338
1967; 86.22311401
1966; 86.06124878
1965; 85.99242401
1964; 85.93746185
1963; 85.816185
1962; 85.63985443
1961; 85.53327179
1960; 85.43975067
1959; 85.38305664
1958; 85.20715332
1957; 85.14385986
1956; 85.03311157
1955; 84.96662903
1954; 84.8638382
1953; 84.76073456
1952; 84.72940063
1951; 84.60295868
1950; 84.49215698
1949; 84.30641937
1948; 84.21315002
1947; 84.14470673
1946; 84.13219452
1945; 83.92713928
1944; 83.81918335
1943; 83.70825195
1942; 83.74458313
1941; 83.62466431
1940; 83.54047394
1939; 83.55540466
1938; 83.25455475
1937; 83.30171967
1936; 83.15732574
1935; 83.13570404
1934; 82.96511078
1933; 82.96632385
1932; 82.85725403
1931; 82.81491089
1930; 82.73600006
1929; 82.7325058
1928; 82.57572937
1927; 82.54974365
1926; 82.5019455
1925; 82.42189789
1924; 82.41330719
1923; 82.38240814
1922; 82.35175323
1921; 82.32233429
1920; 82.26218414
1919; 82.23350525
1918; 82.17598724
1917; 82.25687408
1916; 82.30818176
1915; 82.28897858
1914; 82.06663513
1913; 82.29559326
1912; 82.19585419
1911; 82.28503418
1910; 82.22460938
1909; 82.28479767
1908; 82.27101135
1907; 82.24074554
1906; 82.20275879
1905; 82.29138947
1904; 82.44161224
1903; 82.48252869
1902; 82.40063477
1901; 82.48736572
1900; 82.48218536
1899; 82.51396179
1898; 82.62496948
1897; 82.78055573
1896; 82.77923584
1895; 82.87233734
1894; 82.92579651
1893; 83.01753235
1892; 82.98406219
1891; 83.11973572
1890; 83.08197021
1889; 83.22162628
1888; 83.28417206
1887; 83.41841888
1886; 83.54640961
1885; 83.58052826
1884; 83.64079285
1883; 83.74658203
1882; 83.89006042
1881; 84.04037476
1880; 84.09233093
1879; 84.20495605
1878; 84.25026703
1877; 84.38749695
1876; 84.54486084
1875; 84.70751953
1874; 84.71421814
1873; 84.88372803
1872; 85.09234619
1871; 85.13285828
1870; 85.34957886
1869; 85.50822449
1868; 85.58500671
1867; 85.68737793
1866; 85.85852051
1865; 85.97080994
1864; 86.0963974
1863; 86.33312225
1862; 86.30717468
1861; 86.61976624
1860; 86.67020416
1859; 86.80246735
1858; 86.98600006
1857; 87.12807465
1856; 87.38245392
1855; 87.51178741
1854; 87.50064087
1853; 87.71649933
1852; 87.82000732
1851; 87.94067383
1850; 88.10475922
1849; 88.30819702
1848; 88.43935394
1847; 88.5517807
1846; 88.60611725
1845; 88.69897461
1844; 88.83150482
1843; 89.13047791
1842; 89.22853851
1841; 89.40145874
1840; 89.44970703
1839; 89.50827026
1838; 89.69953918
1837; 89.8482666
1836; 89.95398712
1835; 90.0322876
1834; 90.17353058
1833; 90.16997528
1832; 90.29512024
1831; 90.44995117
1830; 90.45294189
1829; 90.59430695
1828; 90.61405182
1827; 90.76699829
1826; 90.9420929
1825; 90.80493927
1824; 90.93528748
1823; 90.9491272
1822; 91.09710693
1821; 91.08874512
1820; 91.04966736
1819; 91.09027863
1818; 91.21910095
1817; 91.17559052
1816; 91.24504852
1815; 91.22585297
1814; 91.2363205
1813; 91.23896027
1812; 91.21815491
1811; 91.23699951
1810; 91.26102448
1809; 91.23184204
1808; 91.2148056
1807; 91.14021301
1806; 91.09895325
1805; 90.94858551
1804; 90.98215485
1803; 90.92172241
1802; 90.78427124
1801; 90.76693726
1800; 90.70389557
1799; 90.64053345
1798; 90.51860809
1797; 90.43017578
1796; 90.33636475
1795; 90.22307587
1794; 90.17454529
1793; 89.90422821
1792; 89.78494263
1791; 89.66850281
1790; 89.55567169
1789; 89.37381744
1788; 89.2301712
1787; 89.0643158
1786; 88.97872925
1785; 88.76895142
1784; 88.62268066
1783; 88.36657715
1782; 88.18940735
1781; 88.08246613
1780; 87.93496704
1779; 87.57291412
1778; 87.55846405
1777; 87.25061035
1776; 87.16189575
1775; 86.9479599
1774; 86.79537964
1773; 86.55187225
1772; 86.34119415
1771; 86.25458527
1770; 85.99623108
1769; 85.8604126
1768; 85.70303345
1767; 85.58452606
1766; 85.29993439
1765; 85.1901474
1764; 85.01499176
1763; 84.81795502
1762; 84.84793091
1761; 84.66290283
1760; 84.41822815
1759; 84.36910248
1758; 84.17874908
1757; 84.06672668
1756; 83.92182922
1755; 83.62545776
1754; 83.54100037
1753; 83.28113556
1752; 83.18193817
1751; 83.04631805
1750; 82.8849411
1749; 82.75354767
1748; 82.56626892
1747; 82.56941986
1746; 82.42164612
1745; 82.19259644
1744; 81.99799347
1743; 81.96570587
1742; 81.71224213
1741; 81.78540802
1740; 81.53718567
1739; 81.42699432
1738; 81.37323761
1737; 81.29432678
1736; 81.16033936
1735; 81.14266205
1734; 81.11322784
1733; 81.11392212
1732; 81.1036911
1731; 80.99583435
1730; 81.01238251
1729; 80.96300507
1728; 81.01745605
1727; 80.94374847
1726; 81.01107025
1725; 81.01783752
1724; 81.01140594
1723; 80.95930481
1722; 81.00410461
1721; 80.97454071
1720; 81.05833435
1719; 81.15494537
1718; 81.22315216
1717; 81.24830627
1716; 81.21292877
1715; 81.30349731
1714; 81.45679474
1713; 81.52994537
1712; 81.68727875
1711; 81.55552673
1710; 81.78251648
1709; 81.81469727
1708; 81.9405899
1707; 82.00714111
1706; 81.97053528
1705; 82.06842041
1704; 82.24828339
1703; 82.29571533
1702; 82.45614624
1701; 82.58200073
1700; 82.67913818
1699; 82.93283844
1698; 82.99697876
1697; 83.20750427
1696; 83.42345428
1695; 83.55981445
1694; 83.87211609
1693; 83.97267914
1692; 84.13474274
1691; 84.29714203
1690; 84.44057465
1689; 84.73666382
1688; 84.92216492
1687; 85.17002106
1686; 85.41854858
1685; 85.57871246
1684; 85.87609863
1683; 86.06803131
1682; 86.34707642
1681; 86.62957764
1680; 86.75947571
1679; 86.98435211
1678; 87.16139984
1677; 87.15892792
1676; 87.43184662
1675; 87.64536285
1674; 87.74134827
1673; 87.80915833
1672; 87.9438324
1671; 87.97553253
1670; 88.20822144
1669; 88.30335999
1668; 88.66025543
1667; 88.80821991
1666; 89.08708954
1665; 89.29750061
1664; 89.5342865
1663; 89.73419952
1662; 90.04117584
1661; 90.30291748
1660; 90.38634491
1659; 90.52474976
1658; 90.69128418
1657; 90.99466705
1656; 90.9463501
1655; 91.12335205
1654; 91.18035126
1653; 91.201828
1652; 91.2440033
1651; 91.17526245
1650; 91.29110718
1649; 91.39095306
1648; 91.31848145
1647; 91.16845703
1646; 91.12483978
1645; 91.19891357
1644; 91.08442688
1643; 90.97695923
1642; 91.03973389
1641; 90.81856537
1640; 90.76293182
1639; 90.69498444
1638; 90.66796112
1637; 90.50208282
1636; 90.37224579
1635; 90.15835571
1634; 90.02780914
1633; 89.84072876
1632; 89.6198349
1631; 89.31936646
1630; 89.22892761
1629; 88.99575043
1628; 88.79193878
1627; 88.49005127
1626; 88.26525879
1625; 88.16168213
1624; 87.94704437
1623; 87.47657013
1622; 87.26911926
1621; 87.05974579
1620; 86.70173645
1619; 86.54248047
1618; 86.24373627
1617; 85.93841553
1616; 85.76812744
1615; 85.41962433
1614; 85.20620728
1613; 85.06226349
1612; 84.71054077
1611; 84.48062897
1610; 84.28945923
1609; 83.90441895
1608; 83.65520477
1607; 83.46313477
1606; 83.17823792
1605; 83.01747894
1604; 82.75695801
1603; 82.60908508
1602; 82.27810669
1601; 82.07115173
1600; 81.85758972
1599; 81.64392853
1598; 81.40261078
1597; 81.28851318
1596; 80.96696472
1595; 80.91486359
1594; 80.74658203
1593; 80.52503967
1592; 80.36371613
1591; 80.20078278
1590; 79.99189758
1589; 79.98554993
1588; 79.75240326
1587; 79.60691833
1586; 79.50298309
1585; 79.51759338
1584; 79.36488342
1583; 79.29780579
1582; 79.29949951
1581; 79.34230804
1580; 79.14801788
1579; 79.2288208
1578; 79.26148224
1577; 79.19193268
1576; 79.16490173
1575; 79.19003296
1574; 79.29675293
1573; 79.32188416
1572; 79.28386688
1571; 79.46498108
1570; 79.57980347
1569; 79.58238983
1568; 79.65587616
1567; 79.78050995
1566; 79.87905884
1565; 80.03568268
1564; 80.0593338
1563; 80.19697571
1562; 80.50331116
1561; 80.64355469
1560; 80.71099854
1559; 80.92008972
1558; 81.09589386
1557; 81.34851074
1556; 81.56999207
1555; 81.80181122
1554; 82.09632874
1553; 82.27290344
1552; 82.46852875
1551; 82.77690125
1550; 83.06496429
1549; 83.31903839
1548; 83.53599548
1547; 83.78650665
1546; 84.0607605
1545; 84.36437225
1544; 84.70445251
1543; 84.98765564
1542; 85.28629303
1541; 85.46537781
1540; 85.7901001
1539; 86.157341
1538; 86.42037201
1537; 86.79873657
1536; 87.13025665
1535; 87.45534515
1534; 87.65537262
1533; 87.94186401
1532; 88.18515778
1531; 88.47176361
1530; 88.79195404
1529; 89.00281525
1528; 89.17900085
1527; 89.51357269
1526; 89.68025208
1525; 89.86798859
1524; 90.18631744
1523; 90.24485016
1522; 90.39710999
1521; 90.6711731
1520; 90.74321747
1519; 90.99095154
1518; 91.02087402
1517; 90.91831207
1516; 91.02171326
1515; 91.06025696
1514; 91.06240082
1513; 90.99584961
1512; 90.91204071
1511; 90.99871063
1510; 90.77574921
1509; 90.7065506
1508; 90.54678345
1507; 90.33216095
1506; 90.24447632
1505; 89.87651062
1504; 89.63894653
1503; 89.35813141
1502; 89.17756653
1501; 88.75096893
1500; 88.55921936
1499; 88.23901367
1498; 87.74134064
1497; 87.41372681
1496; 86.94408417
1495; 86.64044189
1494; 86.35258484
1493; 85.84272003
1492; 85.39555359
1491; 85.02509308
1490; 84.53632355
1489; 84.16196442
1488; 83.65079498
1487; 83.20027161
1486; 82.79732513
1485; 82.2776413
1484; 81.85423279
1483; 81.39426422
1482; 81.00432587
1481; 80.48666382
1480; 80.1641922
1479; 79.68945313
1478; 79.27004242
1477; 78.77135468
1476; 78.47716522
1475; 77.92835236
1474; 77.61154938
1473; 77.21974182
1472; 76.75164795
1471; 76.45878601
1470; 76.16357422
1469; 75.7932663
1468; 75.43061829
1467; 75.14752197
1466; 74.8322525
1465; 74.49856567
1464; 74.38677216
1463; 74.02096558
1462; 73.77050018
1461; 73.58605957
1460; 73.29233551
1459; 73.09441376
1458; 73.0258255
1457; 72.91197968
1456; 72.80702972
1455; 72.61477661
1454; 72.66570282
1453; 72.49046326
1452; 72.48726654
1451; 72.47296906
1450; 72.4853363
1449; 72.38572693
1448; 72.52229309
1447; 72.43972778
1446; 72.63225555
1445; 72.64375305
1444; 72.84503937
1443; 72.90084076
1442; 73.15685272
1441; 73.34447479
1440; 73.42591858
1439; 73.68785095
1438; 73.96375275
1437; 74.13750458
1436; 74.47109222
1435; 74.64125061
1434; 74.95215607
1433; 75.33049011
1432; 75.6386261
1431; 76.08356476
1430; 76.42923737
1429; 76.80132294
1428; 77.32204437
1427; 77.7723465
1426; 78.19182587
1425; 78.55735779
1424; 79.07688904
1423; 79.5980835
1422; 80.09169769
1421; 80.64060974
1420; 81.19738007
1419; 81.69630432
1418; 82.24398041
1417; 82.75289917
1416; 83.20225525
1415; 83.79155731
1414; 84.34139252
1413; 84.78116608
1412; 85.32881927
1411; 85.86920929
1410; 86.28924561
1409; 86.8201828
1408; 87.19150543
1407; 87.73381805
1406; 88.04528046
1405; 88.4342041
1404; 88.80010986
1403; 89.14394379
1402; 89.37297058
1401; 89.73757935
1400; 89.87366486
1399; 89.92435455
1398; 90.11347198
1397; 90.17961884
1396; 90.25532532
1395; 90.21812439
1394; 90.10280609
1393; 90.06545258
1392; 89.99869537
1391; 89.82237244
1390; 89.62104034
1389; 89.37928009
1388; 89.09294128
1387; 88.85997009
1386; 88.51335144
1385; 88.09553528
1384; 87.54959106
1383; 87.26247406
1382; 86.74560547
1381; 86.29514313
1380; 85.70541382
1379; 85.08956146
1378; 84.57456207
1377; 84.02084351
1376; 83.37173462
1375; 82.74343109
1374; 82.1238327
1373; 81.56887817
1372; 80.83271027
1371; 80.34262848
1370; 79.68715668
1369; 79.10295105
1368; 78.46725464
1367; 77.8866272
1366; 77.33544922
1365; 76.79058075
1364; 76.14014435
1363; 75.68408203
1362; 75.09102631
1361; 74.66748047
1360; 74.08919525
1359; 73.64389038
1358; 73.1870575
1357; 72.74800873
1356; 72.37042999
1355; 71.98480988
1354; 71.61405945
1353; 71.308815
1352; 70.9984436
1351; 70.79676056
1350; 70.56990051
1349; 70.44410706
1348; 70.33377838
1347; 70.18822479
1346; 70.15223694
1345; 70.02698517
1344; 70.03170013
1343; 70.05661774
1342; 70.08300781
1341; 70.17831421
1340; 70.42767334
1339; 70.42488861
1338; 70.68486786
1337; 70.87065125
1336; 71.10269928
1335; 71.36671448
1334; 71.56005859
1333; 72.09916687
1332; 72.44226074
1331; 72.78901672
1330; 73.29185486
1329; 73.7541275
1328; 74.23760986
1327; 74.71234131
1326; 75.31719971
1325; 76.08398438
1324; 76.61708832
1323; 77.27916718
1322; 77.97245026
1321; 78.60307312
1320; 79.29803467
1319; 80.09433746
1318; 80.84423828
1317; 81.50740051
1316; 82.22172546
1315; 83.03675079
1314; 83.73995209
1313; 84.43257141
1312; 85.21206665
1311; 85.8655014
1310; 86.47634888
1309; 87.24346161
1308; 87.75460815
1307; 88.31531525
1306; 88.92534637
1305; 89.36943817
1304; 89.80601501
1303; 90.1236496
1302; 90.43920135
1301; 90.58105469
1300; 90.68452454
1299; 90.82893372
1298; 90.79924011
1297; 90.52339172
1296; 90.46066284
1295; 90.23153687
1294; 89.92516327
1293; 89.4813385
1292; 89.01879883
1291; 88.4420166
1290; 87.81412506
1289; 87.20289612
1288; 86.33892822
1287; 85.51258087
1286; 84.67988586
1285; 83.85756683
1284; 82.83570099
1283; 81.94874573
1282; 80.85903168
1281; 79.79671478
1280; 78.75273132
1279; 77.79190826
1278; 76.81365967
1277; 75.75132751
1276; 74.80342102
1275; 73.78411865
1274; 72.76126862
1273; 71.82912445
1272; 70.87850952
1271; 70.02897644
1270; 69.23245239
1269; 68.34091187
1268; 67.45388794
1267; 66.72232819
1266; 65.95100403
1265; 65.32221985
1264; 64.69631958
1263; 64.15827942
1262; 63.485569
1261; 62.98524857
1260; 62.53001785
1259; 62.15436935
1258; 61.82911301
1257; 61.57406998
1256; 61.27908325
1255; 61.09761429
1254; 60.89453125
1253; 60.79938889
1252; 60.77520752
1251; 60.82182693
1250; 60.90327072
1249; 60.92242432
1248; 61.13264084
1247; 61.30863571
1246; 61.65901566
1245; 61.86531067
1244; 62.28401566
1243; 62.64959717
1242; 63.14143372
1241; 63.67815781
1240; 64.27630615
1239; 64.88921356
1238; 65.47190094
1237; 66.26309204
1236; 67.18628693
1235; 67.96604156
1234; 68.9070816
1233; 69.85035706
1232; 70.78117371
1231; 71.77367401
1230; 72.9133606
1229; 73.97388458
1228; 75.14110565
1227; 76.17124939
1226; 77.28347015
1225; 78.27396393
1224; 79.45149231
1223; 80.58274841
1222; 81.48165894
1221; 82.5660553
1220; 83.49207306
1219; 84.43128204
1218; 85.2592926
1217; 85.9504776
1216; 86.43455505
1215; 86.98899078
1214; 87.28970337
1213; 87.4515686
1212; 87.49201202
1211; 87.45283508
1210; 87.2124939
1209; 86.85346222
1208; 86.38294983
1207; 85.6550827
1206; 84.83530426
1205; 83.9548111
1204; 82.9216156
1203; 81.90544128
1202; 80.64763641
1201; 79.4852829
1200; 77.88735199
1199; 76.54581451
1198; 75.08802795
1197; 73.68508911
1196; 72.32975769
1195; 70.80612946
1194; 69.39717865
1193; 67.94454193
1192; 66.65616608
1191; 65.28205109
1190; 64.03768921
1189; 62.869133
1188; 61.79027557
1187; 60.67062759
1186; 59.59773636
1185; 58.6061821
1184; 57.71952438
1183; 56.88961029
1182; 56.14105988
1181; 55.41606522
1180; 54.77681732
1179; 54.1674614
1178; 53.73094559
1177; 53.3289032
1176; 52.99489975
1175; 52.73860168
1174; 52.63975906
1173; 52.48965073
1172; 52.46339417
1171; 52.52053833
1170; 52.64785385
1169; 52.86102295
1168; 53.05678177
1167; 53.48504639
1166; 53.89324951
1165; 54.39052582
1164; 54.97654724
1163; 55.67726898
1162; 56.39856339
1161; 57.30099487
1160; 58.32234573
1159; 59.33483124
1158; 60.42335129
1157; 61.64023972
1156; 62.87112808
1155; 64.34597778
1154; 65.75685883
1153; 67.27967834
1152; 68.90194702
1151; 70.56253815
1150; 72.24240112
1149; 73.91282654
1148; 75.6727066
1147; 77.47770691
1146; 79.03370667
1145; 80.61287689
1144; 82.09434509
1143; 83.62340546
1142; 84.70791626
1141; 85.7386322
1140; 86.68518829
1139; 87.18127441
1138; 87.63993073
1137; 87.55610657
1136; 87.36244202
1135; 86.84349823
1134; 85.95015717
1133; 84.91803741
1132; 83.50454712
1131; 82.09085083
1130; 80.34888458
1129; 78.52806854
1128; 76.45706177
1127; 74.39042664
1126; 72.32558441
1125; 70.19736481
1124; 68.06223297
1123; 66.03977966
1122; 63.86260986
1121; 61.83698654
1120; 60.03781128
1119; 58.2140274
1118; 56.56149292
1117; 54.99275208
1116; 53.43993759
1115; 52.01147079
1114; 50.74990463
1113; 49.58816147
1112; 48.52409744
1111; 47.53588104
1110; 46.68241882
1109; 45.87371826
1108; 45.23763275
1107; 44.64595795
1106; 44.20317459
1105; 43.84724426
1104; 43.55286407
1103; 43.3961525
1102; 43.38359451
1101; 43.39646912
1100; 43.56586075
1099; 43.78452301
1098; 44.1600647
1097; 44.60302353
1096; 45.2037468
1095; 45.91705704
1094; 46.66426849
1093; 47.62986374
1092; 48.71190262
1091; 49.88814926
1090; 51.26353455
1089; 52.73335648
1088; 54.31942368
1087; 55.99030685
1086; 57.90060806
1085; 59.91519547
1084; 62.02837753
1083; 64.30187225
1082; 66.55102539
1081; 68.8852005
1080; 71.21174622
1079; 73.57192993
1078; 75.83083344
1077; 77.98745728
1076; 79.85905457
1075; 81.38827515
1074; 82.59466553
1073; 83.45069122
1072; 83.89552307
1071; 83.76346588
1070; 83.21297455
1069; 82.16327667
1068; 80.54941559
1067; 78.56186676
1066; 76.53353119
1065; 73.82917786
1064; 71.11772156
1063; 68.36167145
1062; 65.49559784
1061; 62.66397095
1060; 59.86967087
1059; 57.25448608
1058; 54.61812592
1057; 52.21512985
1056; 50.08019257
1055; 48.03878021
1054; 46.10518646
1053; 44.44031525
1052; 42.75046158
1051; 41.36279678
1050; 40.1262207
1049; 39.00259018
1048; 38.07137299
1047; 37.2437973
1046; 36.49599075
1045; 35.90444183
1044; 35.47473145
1043; 35.16754913
1042; 34.9739151
1041; 34.87993622
1040; 34.89373779
1039; 35.0797081
1038; 35.3946228
1037; 35.79288864
1036; 36.3524704
1035; 37.06062317
1034; 37.85292053
1033; 38.91482544
1032; 40.11935043
1031; 41.47528076
1030; 43.00585556
1029; 44.83287811
1028; 46.80076981
1027; 49.05007553
1026; 51.56076431
1025; 54.23645401
1024; 57.1921463
1023; 60.32397842
1022; 63.60646439
1021; 66.80754089
1020; 70.1109314
1019; 73.38565826
1018; 76.11167145
1017; 78.47357178
1016; 80.28857422
1015; 81.24919891
1014; 81.17172241
1013; 80.37094116
1012; 78.71562195
1011; 76.26197052
1010; 73.16802216
1009; 69.68657684
1008; 66.03230286
1007; 62.02483749
1006; 58.14918137
1005; 54.55094147
1004; 51.11067963
1003; 47.80164337
1002; 44.97641754
1001; 42.16772842
1000; 39.75931549
999; 37.68903351
998; 35.82705688
997; 34.13906097
996; 32.69355011
995; 31.41854095
994; 30.3615303
993; 29.48872375
992; 28.7681694
991; 28.18916512
990; 27.74309158
989; 27.52489471
988; 27.35884476
987; 27.38273811
986; 27.53375816
985; 27.85972595
984; 28.30868149
983; 28.90881348
982; 29.73620605
981; 30.82039642
980; 32.00127411
979; 33.48165131
978; 35.22584915
977; 37.3239975
976; 39.7747345
975; 42.63866043
974; 45.82252884
973; 49.41609955
972; 53.44675064
971; 57.88217163
970; 62.57615662
969; 67.4173584
968; 72.04708099
967; 75.99279022
966; 79.12746429
965; 80.86717987
964; 81.08078003
963; 79.54489899
962; 76.43761444
961; 72.27798462
960; 67.22358704
959; 61.96323776
958; 56.64647293
957; 51.50917816
956; 46.7410202
955; 42.58426285
954; 38.88229752
953; 35.60878754
952; 32.82354736
951; 30.42917824
950; 28.3028717
949; 26.56088448
948; 25.15143967
947; 23.93389702
946; 22.93259239
945; 22.15449524
944; 21.53092003
943; 21.1076107
942; 20.85607529
941; 20.75377464
940; 20.84114075
939; 21.10147667
938; 21.53267097
937; 22.20881653
936; 23.09601212
935; 24.18211937
934; 25.63030624
933; 27.35948563
932; 29.48456383
931; 32.18229294
930; 35.32585526
929; 39.00272369
928; 43.31423569
927; 48.3241806
926; 53.61847687
925; 59.31699753
924; 64.50657654
923; 68.11595917
922; 69.87440491
921; 69.24611664
920; 65.93291473
919; 60.84250641
918; 54.56612015
917; 48.09371948
916; 42.24417877
915; 36.78504944
914; 32.085392
913; 28.17891502
912; 24.80439377
911; 22.050951
910; 19.83790207
909; 17.97311974
908; 16.42708588
907; 15.16771603
906; 14.07623863
905; 13.20292091
904; 12.56369019
903; 12.02934456
902; 11.65826321
901; 11.38951397
900; 11.24228668
899; 11.23614025
898; 11.37565041
897; 11.65751934
896; 12.11987686
895; 12.78611851
894; 13.67252731
893; 14.89028168
892; 16.41211891
891; 18.26766968
890; 20.56045723
889; 23.42640686
888; 26.75560379
887; 30.93800545
886; 35.7106514
885; 40.76276779
884; 45.88968277
883; 50.43945313
882; 53.29713058
881; 53.66543579
880; 51.09700012
879; 46.58543015
878; 41.38659286
877; 35.93157578
876; 31.12767982
875; 26.98360062
874; 23.40471458
873; 20.47951889
872; 18.18196678
871; 16.23022079
870; 14.60525513
869; 13.29367733
868; 12.1666584
867; 11.26115704
866; 10.62677765
865; 10.21930981
864; 10.09765053
863; 10.23513412
862; 10.60228157
861; 11.15530205
860; 11.8705492
859; 12.7354908
858; 13.83352852
857; 15.12578297
856; 16.61922836
855; 18.42953491
854; 20.4410305
853; 22.64970016
852; 24.98703194
851; 27.26821899
850; 29.08227539
849; 30.21129036
848; 30.12325478
847; 28.76798439
846; 26.6276989
845; 24.10799789
844; 21.60996819
843; 19.33643913
842; 17.20054626
841; 15.31733418
840; 13.70810413
839; 12.22600079
838; 11.10277843
837; 10.34504604
836; 9.703461647
835; 9.154000282
834; 8.638971329
833; 8.161301613
832; 7.741663456
831; 7.437519073
830; 7.241288662
829; 7.177787781
828; 7.237998962
827; 7.395751953
826; 7.606764793
825; 7.851927757
824; 8.076192856
823; 8.265282631
822; 8.392717361
821; 8.420239449
820; 8.356461525
819; 8.199043274
818; 7.951210976
817; 7.679577827
816; 7.431492329
815; 7.19152689
814; 6.958711147
813; 6.701596737
812; 6.456665039
811; 6.200460434
810; 5.939395905
809; 5.680860996
808; 5.426492691
807; 5.176655769
806; 4.932609558
805; 4.700343609
804; 4.488533497
803; 4.326128006
802; 4.22816658
801; 4.205188751
800; 4.256920338
799; 3.515803099
798; 6.552825928
797; 23.04162407
796; 30.4032917
795; 19.32073021
794; 6.712498665
793; 2.398181915
792; 1.211188793
791; 0.767240048
790; 0.565426648
789; 0.465824783
788; 0.430939198
787; 0.459529042
786; 0.620697081
785; 1.886696577
784; 6.402666092
783; 10.14778996
782; 5.287974358
781; 0.831509113
780; 0.135949865
779; 0.041687582
778; 0.018295756
777; 0.009381511
776; 0.005176126
775; 0.003091676
774; 0.001894735
773; 0.00123075
772; 0.000765678
771; 0.000535333
770; 0.000366646
769; 0.000251595
768; 0.000209774
767; 0.000146392
766; 0.000105282
765; 8.04E-05
764; 6.55E-05
763; 6.55E-05
762; 3.75E-05
761; 3.75E-05
760; 3.81E-05
759; 3.77E-05
758; 2.42E-05
757; 2.67E-05
756; 1.57E-05
755; 2.23E-05
754; 2.68E-05
753; 1.34E-05
752; 1.12E-05
751; 1.62E-05
750; 3.14E-05
749; 1.21E-05
748; 1.64E-05
747; 1.37E-05
746; 1.25E-05
745; 1.72E-05
744; 1.53E-05
743; 5.21E-06
742; 1.20E-05
741; 7.41E-06
740; 1.84E-05
739; 1.33E-05
738; 1.68E-05
737; 1.45E-05
736; 2.19E-05
735; 1.41E-05
734; 1.25E-05
733; 1.49E-05
732; 3.13E-05
731; 7.90E-06
730; 1.20E-05
729; 1.53E-05
728; 9.07E-06
727; 2.38E-05
726; 1.43E-05
725; 9.92E-06
724; 1.01E-05
723; 2.05E-05
722; 1.20E-05
721; 7.86E-06
720; 6.15E-06
719; 9.53E-06
718; 2.30E-05
717; 1.01E-05
716; 1.28E-05
715; 2.24E-05
714; 1.09E-05
713; 9.34E-06
712; 7.69E-06
711; 2.21E-05
710; 1.03E-05
709; 1.41E-05
708; 5.90E-06
707; 1.73E-05
706; 8.00E-06
705; 7.61E-06
704; 4.38E-06
703; 2.45E-05
702; 9.77E-06
701; 6.73E-06
700; 2.13E-05
699; 8.26E-06
698; 1.78E-05
697; 8.26E-06
696; 2.11E-05
695; 1.08E-05
694; 5.69E-06
693; 2.88E-05
692; 1.36E-05
691; 8.90E-06
690; 1.85E-05
689; 8.79E-06
688; 7.46E-06
687; 9.53E-06
686; 2.32E-05
685; 1.28E-05
684; 6.12E-06
683; 1.62E-05
682; 1.03E-05
681; 6.04E-06
680; 2.00E-05
679; 7.58E-06
678; 1.12E-05
677; 1.84E-05
676; 1.33E-05
675; 1.49E-05
674; 1.25E-05
673; 2.10E-05
672; 5.93E-06
671; 7.29E-06
670; 1.18E-05
669; 2.31E-05
668; 5.36E-06
667; 1.50E-05
666; 9.67E-06
665; 1.31E-05
664; 8.31E-06
663; 2.00E-05
662; 1.58E-05
661; 1.49E-05
660; 1.42E-05
659; 1.42E-05
658; 1.20E-05
657; 1.41E-05
656; 8.12E-06
655; 1.35E-05
654; 1.20E-05
653; 1.35E-05
652; 1.19E-05
651; 1.48E-05
650; 1.55E-05
649; 1.24E-05
648; 1.23E-05
647; 2.01E-05
646; 1.60E-05
645; 1.32E-05
644; 1.06E-05
643; 1.34E-05
642; 1.32E-05
641; 1.98E-05
640; 1.66E-05
639; 2.24E-05
638; 1.43E-05
637; 1.14E-05
636; 2.08E-05
635; 1.79E-05
634; 2.01E-05
633; 1.88E-05
632; 2.49E-05
631; 2.75E-05
630; 2.35E-05
629; 2.80E-05
628; 2.47E-05
627; 2.31E-05
626; 2.53E-05
625; 2.90E-05
624; 3.00E-05
623; 3.35E-05
622; 3.18E-05
621; 2.69E-05
620; 3.60E-05
619; 3.87E-05
618; 3.88E-05
617; 3.22E-05
616; 3.94E-05
615; 3.02E-05
614; 3.39E-05
613; 4.62E-05
612; 3.81E-05
611; 3.53E-05
610; 4.59E-05
609; 4.25E-05
608; 5.53E-05
607; 4.85E-05
606; 5.39E-05
605; 5.81E-05
604; 5.53E-05
603; 6.56E-05
602; 6.31E-05
601; 6.14E-05
600; 5.93E-05
599; 7.61E-05
598; 6.44E-05
597; 8.93E-05
596; 7.79E-05
595; 8.29E-05
594; 9.09E-05
593; 9.82E-05
592; 0.000104883
591; 0.000107027
590; 0.00011004
589; 0.000133119
588; 0.000140771
587; 0.000136169
586; 0.000154832
585; 0.000171009
584; 0.00018909
583; 0.000190375
582; 0.00022245
581; 0.000234587
580; 0.00025347
579; 0.000264971
578; 0.000305704
577; 0.00034037
576; 0.000363302
575; 0.000410826
574; 0.000461832
573; 0.000499785
572; 0.000573922
571; 0.000672663
570; 0.000769503
569; 0.00092257
568; 0.00114049
567; 0.001414831
566; 0.001846423
565; 0.002476
564; 0.003530398
563; 0.005215071
562; 0.008125965
561; 0.013432687
560; 0.023244238
559; 0.042040799
558; 0.079556182
557; 0.159400329
556; 0.334806323
555; 0.739380896
554; 1.732914209
553; 4.271671772
552; 9.373826981
551; 24.42030716
550; 45.0799675
549; 65.63291168
548; 77.65348816
547; 81.66131592
546; 82.5096283
545; 83.02825928
544; 83.716362
543; 84.19959259
542; 84.43627167
541; 84.59859467
540; 84.78487396
539; 85.05813599
538; 85.35997009
537; 85.60699463
536; 85.63178253
535; 85.57588959
534; 85.45791626
533; 85.34307861
532; 85.3785553
531; 85.54856873
530; 85.83945465
529; 86.14877319
528; 86.29106903
527; 86.29693604
526; 86.11469269
525; 85.78838348
524; 85.49420166
523; 85.29840088
522; 85.22396088
521; 85.38456726
520; 85.6212616
519; 85.91874695
518; 86.1427536
517; 86.24827576
516; 86.19689941
515; 86.09602356
514; 85.98454285
513; 85.99397278
512; 86.1122818
511; 86.31167603
510; 86.54412079
509; 86.66095734
508; 86.57437897
507; 86.25000763
506; 85.75059509
505; 85.1427002
504; 84.59358215
503; 84.27869415
502; 84.16304779
501; 84.25538635
500; 84.4691925
499; 84.58239746
498; 84.38743591
497; 83.81762695
496; 82.91300201
495; 81.74178314
494; 80.52330017
493; 79.64907074
492; 79.22494507
491; 79.35713196
490; 80.03276062
489; 81.19551849
488; 82.46912384
487; 83.67871094
486; 84.50537872
485; 84.84793091
484; 84.68258667
483; 84.27668762
482; 83.82512665
481; 83.47180176
480; 83.3068161
479; 83.29140472
478; 83.23791504
477; 82.93642426
476; 82.3050766
475; 81.31816864
474; 80.20454407
473; 79.16255951
472; 78.52762604
471; 78.45758057
470; 79.06885529
469; 80.28729248
468; 81.72104645
467; 82.99882507
466; 83.67271423
465; 83.3899765
464; 82.18790436
463; 80.34361267
462; 78.37741089
461; 76.60264587
460; 75.38650513
459; 74.87113953
458; 75.09929657
457; 75.8901062
456; 77.01602936
455; 78.2307663
454; 79.21463776
453; 79.77656555
452; 79.7567215
451; 79.22501373
450; 78.42741394
449; 77.50150299
448; 76.76905823
447; 76.40389252
446; 76.45024109
445; 76.64163971
444; 76.56398773
443; 75.9116745
442; 74.39568329
441; 72.16264343
440; 69.80751038
439; 67.96266937
438; 67.27957916
437; 68.09846497
436; 70.41186523
435; 73.46992493
434; 76.2504425
433; 77.40818787
432; 76.56164551
431; 74.37685394
430; 72.21865845
429; 71.32090759
428; 72.25081635
427; 74.41217804
426; 76.12878418
425; 75.37918854
424; 71.57860565
423; 66.16736603
422; 61.44048691
421; 59.21544266
420; 60.34732056
419; 64.26450348
418; 69.02151489
417; 71.63231659
416; 70.06269073
415; 65.38265991
414; 60.86595154
413; 58.79074478
412; 59.68301392
411; 61.89380264
410; 62.55588531
409; 59.70555496
408; 54.65468216
407; 50.29243851
406; 49.05055618
405; 51.1241684
404; 54.21229172
403; 54.41362762
402; 50.12005997
401; 43.78804398
400; 39.18319321
399; 38.17082596
398; 39.71434402
397; 40.741539
396; 38.37359619
395; 33.11083603
394; 27.86019135
393; 24.63655853
392; 23.26215935
391; 22.53552246
390; 21.43863106
389; 19.72286606
388; 17.4343586
387; 14.39374352
386; 10.8542881
385; 7.731667042
384; 5.563673019
383; 4.303539753
382; 3.450208426
381; 2.622452736
380; 1.810536742
379; 1.175543547
378; 0.754907906
377; 0.481721103
376; 0.288902909
375; 0.161072508
374; 0.085558809
373; 0.044592846
372; 0.022610106
371; 0.011104385
370; 0.005362965
369; 0.00269334
368; 0.001444095
367; 0.000841826
366; 0.000560004
365; 0.000385892
364; 0.000284141
363; 0.000215481
362; 0.00019504
361; 0.000148047
360; 0.000128652
359; 0.000131199
358; 0.000116208
357; 0.00011698
356; 0.000133358
355; 0.000102555
354; 0.00011884
353; 0.00011326
352; 0.00012103
351; 0.000129751
350; 9.99E-05
349; -3.62E-05
348; 9.67E-05
347; 9.47E-05
346; 0.000110795
345; 8.81E-05
344; 1.00E-04
343; 9.73E-05
342; 8.84E-05
341; 9.30E-05
340; 0.000105117
339; 0.000101816
338; 0.000108879
337; 0.000106935
336; 0.000105823
335; 0.000112131
334; 0.000118001
333; 0.000125103
332; 0.000161638
331; 0.000138975
330; 0.000126499
329; 0.0001456
328; 0.000177478
327; 0.000178514
326; 0.000211393
325; 0.000217067
324; 0.000227218
323; 0.000226001
322; 0.000254106
321; 0.000282613
320; 0.000329336
319; 0.000345916
318; 0.000388561
317; 0.000446066
316; 0.000448979
315; 0.000509334
314; 0.000558806
313; 0.000581036
312; 0.000637275
311; 0.000722848
310; 0.000785744
309; 0.000861489
308; 0.000892062
307; 0.000962786
306; 0.001051433
305; 0.001152238
304; 0.001170426
303; 0.001311904
302; 0.001357409
301; 0.001435324
300; 0.001507241
299; 0.001620143
298; 0.001701204
297; 0.001765921
296; 0.001855882
295; 0.001914127
294; 0.002017712
293; 0.002003593
292; 0.002103717
291; 0.002182112
290; 0.002220989
289; 0.002242433
288; 0.002249932
287; 0.002322452
286; 0.002329847
285; 0.002399789
284; 0.002366844
283; 0.002403805
282; 0.002435636
281; 0.002434544
280; 0.002461645
279; 0.002460582
278; 0.002458938
277; 0.002470326
276; 0.002536961
275; 0.002539927
274; 0.002545694
273; 0.002551291
272; 0.002571354
271; 0.002561095
270; 0.002613682
269; 0.002609184
268; 0.0026087
267; 0.002675285
266; 0.002665347
265; 0.002688737
264; 0.002715223
263; 0.0027715
262; 0.00274938
261; 0.002791272
260; 0.00285901
259; 0.00286396
258; 0.00289569
257; 0.002935637
256; 0.003000145
255; 0.003009075
254; 0.003057705
253; 0.003061552
252; 0.003093346
251; 0.003121068
250; 0.003157772
249; 0.003201764
248; 0.003209176
247; 0.003283529
246; 0.003307301
245; 0.003335976
244; 0.003347476
243; 0.003413797
242; 0.003461864
241; 0.003466995
240; 0.003494373
239; 0.003534599
238; 0.00357903
237; 0.003611959
236; 0.003642851
235; 0.003669632
234; 0.003700289
233; 0.003717586
232; 0.003722931
231; 0.003728574
230; 0.003720684
229; 0.003706267
228; 0.003700727
227; 0.003688037
226; 0.003684605
225; 0.003669731
224; 0.003631752
223; 0.003603451
222; 0.003557184
221; 0.003589571
220; 0.003605372
219; 0.003584919
218; 0.003603453
217; 0.003628748
216; 0.003669674
215; 0.003708233
214; 0.00378116
213; 0.00386711
212; 0.003909138
211; 0.004023399
210; 0.004182207
209; 0.004252853
208; 0.004388527
207; 0.004557606
206; 0.004678458
205; 0.004804583
204; 0.004982515
203; 0.005057122
202; 0.005261538
201; 0.00538908
200; 0.005479464
